date,open,close,high,low,volume
2025-01-07,6.88,6.82,6.89,6.45,1239874.16
2025-01-08,6.81,6.68,6.97,6.62,736897.63
2025-01-09,6.78,6.79,6.97,6.76,694079.22
2025-01-10,6.77,6.61,6.79,6.61,459845.75
2025-01-13,6.57,6.57,6.7,6.52,377125.87
2025-01-14,6.61,6.81,6.81,6.6,458980.43
2025-01-15,6.79,6.71,6.81,6.69,291090.33
2025-01-16,6.72,6.7,6.79,6.66,334007.84
2025-01-17,6.66,6.78,6.83,6.65,315233.67
2025-01-20,6.83,6.79,6.86,6.77,229708.78
2025-01-21,6.85,6.83,6.87,6.78,264661.87
2025-01-22,6.83,6.8,6.83,6.75,213687.6
2025-01-23,6.85,6.82,6.89,6.81,323118.27
2025-01-24,6.82,6.86,6.87,6.8,257985.6
2025-01-27,6.87,6.92,6.97,6.87,297015.6
2025-02-05,6.92,7.0,7.04,6.86,356644.08
2025-02-06,7.0,6.99,7.02,6.94,379213.13
2025-02-07,6.97,7.01,7.04,6.96,385294.23
2025-02-10,7.01,7.03,7.05,6.99,300963.8
2025-02-11,7.04,6.99,7.04,6.96,220416.6
2025-02-12,7.0,6.95,7.0,6.9,443302.88
2025-02-13,6.96,6.91,6.97,6.91,250584.46
2025-02-14,6.94,6.99,6.99,6.87,409736.57
2025-02-17,6.99,7.0,7.03,6.96,340009.17
2025-02-18,6.98,6.89,7.0,6.88,378287.9
2025-02-19,6.9,6.9,6.91,6.84,297037.38
2025-02-20,6.9,6.9,6.99,6.89,318457.48
2025-02-21,6.9,6.72,6.94,6.71,941004.73
2025-02-24,6.73,6.75,6.8,6.71,376279.8
2025-02-25,6.73,6.74,6.77,6.68,299865.63
2025-02-26,6.73,6.75,6.77,6.72,378384.77
2025-02-27,6.79,6.82,6.89,6.76,526813.92
2025-02-28,6.81,6.71,6.85,6.71,371666.35
2025-03-03,6.71,6.73,6.8,6.71,278771.16
2025-03-04,6.76,6.81,6.82,6.75,318702.6
2025-03-05,6.79,6.75,6.81,6.72,322396.82
2025-03-06,6.77,6.81,6.82,6.73,366584.49
2025-03-07,6.79,6.76,6.82,6.75,342677.31
2025-03-10,6.79,6.81,6.82,6.74,413365.37
2025-03-11,6.77,6.85,6.85,6.74,368402.05
2025-03-12,6.89,6.94,6.99,6.84,448415.64
2025-03-13,6.95,7.02,7.02,6.94,358089.62
2025-03-14,7.03,7.03,7.05,6.98,414705.69
2025-03-17,7.03,7.02,7.09,7.01,357435.01
2025-03-18,7.04,7.02,7.06,6.99,257898.41
2025-03-19,7.02,6.94,7.02,6.91,357076.91
2025-03-20,6.94,6.9,6.95,6.88,258607.68
2025-03-21,6.9,6.86,6.93,6.84,301405.36
2025-03-24,6.85,6.77,6.89,6.76,384567.76
2025-03-25,6.78,6.85,6.86,6.76,298585.48
2025-03-26,6.84,6.83,6.89,6.81,243933.7
2025-03-27,6.95,6.88,6.99,6.82,751739.89
2025-03-28,6.89,6.92,7.07,6.87,675734.81
2025-03-31,6.95,6.81,6.99,6.78,523884.93
2025-04-01,6.81,6.98,7.0,6.81,656101.9
2025-04-02,6.97,7.01,7.04,6.94,421312.82
2025-04-03,6.98,7.03,7.05,6.95,329713.47
2025-04-07,7.03,6.77,7.25,6.57,1371936.74
2025-04-08,6.75,6.91,6.97,6.68,1081284.25
2025-04-09,6.82,6.84,6.88,6.68,764063.67
2025-04-10,6.84,6.84,6.95,6.8,689431.14
2025-04-11,6.79,6.82,6.88,6.78,405121.15
2025-04-14,6.83,6.94,6.96,6.8,562325.56
2025-04-15,6.94,6.92,7.01,6.9,456177.78
2025-04-16,6.88,6.84,6.92,6.77,529428.77
2025-04-17,6.81,6.8,6.83,6.77,397895.29
2025-04-18,6.83,6.79,6.87,6.77,334926.6
2025-04-21,6.79,6.79,6.81,6.76,268294.0
2025-04-22,6.81,6.75,6.82,6.75,489227.97
2025-04-23,6.76,6.67,6.78,6.65,598882.09
2025-04-24,6.68,6.67,6.7,6.64,273643.84
2025-04-25,6.67,6.67,6.69,6.64,317353.38
2025-04-28,6.65,6.64,6.68,6.62,390214.38
2025-04-29,6.63,6.64,6.68,6.59,370898.17
2025-04-30,6.64,6.66,6.71,6.63,341224.32
2025-05-06,6.67,6.69,6.69,6.65,312550.39
2025-05-07,6.71,6.77,6.82,6.7,605988.96
2025-05-08,6.75,6.76,6.78,6.72,293657.65
2025-05-09,6.77,6.7,6.77,6.7,192525.52
2025-05-12,6.71,6.73,6.73,6.68,220052.27
2025-05-13,6.75,6.76,6.78,6.74,267806.44
2025-05-14,6.75,6.75,6.76,6.71,263474.83
2025-05-15,6.76,6.71,6.77,6.71,201578.58
2025-05-16,6.71,6.71,6.73,6.69,163301.0
2025-05-19,6.72,6.71,6.73,6.68,146618.0
2025-05-20,6.71,6.74,6.77,6.71,234485.6
2025-05-21,6.75,6.75,6.78,6.73,266742.6
2025-05-22,6.79,6.8,6.88,6.77,567087.24
2025-05-23,6.79,6.75,6.84,6.74,319045.0
2025-05-26,6.74,6.73,6.76,6.71,226578.8
2025-05-27,6.74,6.74,6.77,6.71,210504.49
2025-05-28,6.74,6.71,6.75,6.71,173433.88
2025-05-29,6.71,6.77,6.79,6.69,308248.15
2025-05-30,6.76,6.76,6.8,6.75,312437.43
2025-06-03,6.79,6.96,6.96,6.74,890754.42
2025-06-04,6.95,6.96,6.99,6.92,346787.77
2025-06-05,6.98,6.92,6.99,6.87,290853.04
2025-06-06,6.92,6.95,6.97,6.9,250573.55
2025-06-09,6.96,6.93,6.97,6.93,256875.06
2025-06-10,6.95,6.9,6.99,6.84,301987.32
2025-06-11,6.9,6.89,6.92,6.88,231509.31
2025-06-12,6.89,6.9,6.92,6.85,332639.2
2025-06-13,6.9,6.84,6.92,6.83,756844.08
2025-06-16,6.83,6.77,6.85,6.76,344772.84
2025-06-17,6.78,6.78,6.82,6.76,249070.0
2025-06-18,6.77,6.77,6.78,6.72,252844.12
2025-06-19,6.75,6.76,6.78,6.74,227451.2
2025-06-20,6.77,6.73,6.78,6.72,182326.46
2025-06-23,6.73,6.78,6.8,6.71,221244.94
2025-06-24,6.79,6.82,6.83,6.77,217576.36
2025-06-25,6.83,6.84,6.84,6.78,230963.6
2025-06-26,6.84,6.88,6.91,6.82,324225.92
2025-06-27,6.87,6.84,6.89,6.83,246283.33
2025-06-30,6.85,6.82,6.86,6.81,221128.02
2025-07-01,6.83,6.82,6.83,6.78,267393.42
2025-07-02,6.82,6.8,6.83,6.78,241068.2
2025-07-03,6.8,6.82,6.85,6.79,361074.2
2025-07-04,6.82,6.8,6.83,6.79,254895.0
2025-07-07,6.79,6.79,6.82,6.78,222431.8
2025-07-08,6.79,6.81,6.82,6.78,282110.03
2025-07-09,6.88,6.87,6.98,6.86,733739.07
2025-07-10,6.88,6.89,6.91,6.84,379319.92
2025-07-11,6.9,6.87,6.91,6.86,454126.0
2025-07-14,6.88,6.88,6.9,6.86,265015.18
2025-07-15,6.89,6.84,6.89,6.82,362502.0
2025-07-16,6.84,6.91,6.92,6.83,427482.25
2025-07-17,6.92,7.01,7.04,6.9,669459.51
2025-07-18,7.01,6.98,7.03,6.93,351266.6
2025-07-21,6.98,6.95,6.98,6.93,380020.44
2025-07-22,6.96,6.95,6.98,6.92,479444.3
2025-07-23,6.95,6.92,6.98,6.91,530046.76
2025-07-24,6.92,7.03,7.06,6.9,703342.57
2025-07-25,7.02,6.99,7.05,6.95,479672.2
2025-07-28,7.0,6.98,7.01,6.95,385137.53
2025-07-29,6.98,7.0,7.0,6.92,417779.96
2025-07-30,6.99,6.97,7.03,6.92,634536.95
2025-07-31,6.96,6.88,6.96,6.86,682033.07
2025-08-01,6.87,6.89,6.96,6.87,503666.99
2025-08-04,6.88,6.94,7.01,6.83,680178.54
2025-08-05,6.95,6.94,7.0,6.92,376757.85
2025-08-06,6.93,6.91,6.96,6.89,344378.35
2025-08-07,6.91,6.89,6.93,6.89,285001.46
2025-08-08,6.89,6.9,6.91,6.88,245263.12
2025-08-11,6.9,6.91,6.93,6.88,367017.28
2025-08-12,6.91,6.91,6.94,6.89,303380.18
2025-08-13,6.91,6.92,6.93,6.89,457889.48
2025-08-14,6.93,6.88,6.93,6.87,447572.29
2025-08-15,6.87,6.9,6.91,6.84,406572.37
2025-08-18,6.9,6.92,6.94,6.89,548043.63
2025-08-19,6.92,6.92,6.95,6.91,461262.25
2025-08-20,6.91,6.93,6.93,6.88,437975.97
2025-08-21,6.93,6.94,7.0,6.93,547027.12
2025-08-22,6.95,6.97,6.98,6.91,546526.03
2025-08-25,7.0,7.03,7.03,6.98,670087.91
2025-08-26,7.09,7.16,7.24,7.08,1025150.71
2025-08-27,7.14,7.01,7.2,7.0,989991.44
2025-08-28,7.01,6.99,7.04,6.89,770173.88
2025-08-29,6.98,6.86,7.03,6.84,1373268.72
2025-09-01,6.89,6.85,6.89,6.82,877641.0
2025-09-02,6.86,6.79,6.86,6.75,701349.17
2025-09-03,6.8,6.76,6.82,6.75,494110.69
2025-09-04,6.76,6.74,6.77,6.7,530975.24
2025-09-05,6.76,6.83,6.83,6.74,504973.77
2025-09-08,6.82,6.88,6.89,6.8,659119.59
2025-09-09,6.87,6.84,6.87,6.81,321665.71
2025-09-10,6.83,6.81,6.86,6.8,294672.17
2025-09-11,6.8,6.85,6.86,6.78,414733.27
2025-09-12,6.85,6.81,6.87,6.8,404835.8
2025-09-15,6.82,6.82,6.83,6.78,336782.62
2025-09-16,6.83,6.88,6.91,6.81,463337.17
2025-09-17,6.87,6.85,6.88,6.83,259612.86
2025-09-18,6.85,6.79,6.86,6.76,488033.47
2025-09-19,6.79,6.75,6.81,6.73,361757.04
2025-09-22,6.75,6.73,6.75,6.7,313430.4
2025-09-23,6.71,6.71,6.72,6.6,445600.0
2025-09-24,6.69,6.73,6.76,6.68,299127.01
2025-09-25,6.73,6.67,6.73,6.66,256973.04
2025-09-26,6.66,6.66,6.69,6.63,209738.68
2025-09-29,6.66,6.68,6.69,6.6,290229.0
2025-09-30,6.68,6.67,6.69,6.64,295767.71
2025-10-09,6.68,6.76,6.76,6.67,440380.17
2025-10-10,6.74,6.78,6.79,6.74,327378.56
2025-10-13,6.7,6.7,6.73,6.66,387378.68
2025-10-14,6.72,6.74,6.77,6.7,360914.85
2025-10-15,6.73,6.72,6.76,6.7,367068.59
2025-10-16,6.72,6.69,6.74,6.67,322287.6
2025-10-17,6.68,6.64,6.72,6.63,329819.76
2025-10-20,6.66,6.65,6.66,6.63,212662.71
2025-10-21,6.65,6.67,6.69,6.64,243999.06
2025-10-22,6.67,6.69,6.72,6.66,228198.9
2025-10-23,6.69,6.69,6.7,6.65,231601.73
2025-10-24,6.69,6.72,6.73,6.68,278920.85
2025-10-27,6.71,6.69,6.72,6.68,271740.63
2025-10-28,6.67,6.66,6.7,6.65,292051.33
2025-10-29,6.66,6.68,6.69,6.65,260839.0
2025-10-30,6.68,6.69,6.73,6.66,374985.22
2025-10-31,6.69,6.72,6.72,6.68,307289.01
2025-11-03,6.72,6.76,6.78,6.71,359168.28
2025-11-04,6.75,6.73,6.76,6.71,242633.24
2025-11-05,6.72,6.75,6.76,6.7,236533.0
2025-11-06,6.75,6.79,6.83,6.74,391179.55
2025-11-07,6.79,6.86,6.9,6.77,499678.49
2025-11-10,6.94,6.89,6.95,6.86,405004.14
2025-11-11,6.88,6.91,6.92,6.84,436509.06
2025-11-12,6.91,6.91,6.93,6.86,416897.48
2025-11-13,6.92,6.88,6.93,6.87,336144.62
2025-11-14,6.88,6.85,6.92,6.84,379176.45
2025-11-17,6.83,6.8,6.84,6.77,359384.27
2025-11-18,6.78,6.7,6.8,6.68,376737.88
2025-11-19,6.69,6.68,6.71,6.65,283770.94
2025-11-20,6.69,6.67,6.73,6.66,291010.04
2025-11-21,6.65,6.59,6.67,6.56,478985.33
2025-11-24,6.58,6.61,6.61,6.57,315580.64
2025-11-25,6.59,6.6,6.64,6.59,250886.64
2025-11-26,6.6,6.6,6.64,6.59,223934.61
2025-11-27,6.6,6.58,6.62,6.57,177474.66
2025-11-28,6.58,6.61,6.61,6.56,149445.19
2025-12-01,6.6,6.63,6.63,6.58,209583.41
2025-12-02,6.63,6.59,6.63,6.58,178735.08
2025-12-03,6.6,6.61,6.63,6.58,211315.76
2025-12-04,6.61,6.59,6.61,6.56,184939.8
2025-12-05,6.58,6.61,6.61,6.54,273934.8
2025-12-08,6.61,6.6,6.62,6.59,193834.26
2025-12-09,6.6,6.52,6.6,6.51,295395.2
2025-12-10,6.51,6.46,6.52,6.43,294959.0
2025-12-11,6.46,6.41,6.47,6.4,212906.6
2025-12-12,6.41,6.42,6.42,6.38,344425.35
2025-12-15,6.4,6.32,6.41,6.32,344774.0
2025-12-16,6.32,6.37,6.37,6.21,404248.4
2025-12-17,6.33,6.34,6.36,6.26,264960.18
2025-12-18,6.31,6.37,6.4,6.3,258761.43
2025-12-19,6.37,6.39,6.4,6.35,243052.16
2025-12-22,6.4,6.39,6.41,6.38,214562.57
2025-12-23,6.39,6.32,6.4,6.31,217037.79
2025-12-24,6.32,6.44,6.47,6.3,406420.86
2025-12-25,6.43,6.43,6.44,6.4,188699.29
2025-12-26,6.43,6.42,6.46,6.41,178936.81
2025-12-29,6.42,6.37,6.43,6.36,216862.0
2025-12-30,6.35,6.34,6.36,6.33,161060.85
2025-12-31,6.34,6.32,6.35,6.31,171296.2
2026-01-05,6.32,6.39,6.4,6.31,303170.12
2026-01-06,6.39,6.42,6.42,6.38,309756.09
2026-01-07,6.42,6.38,6.43,6.38,231803.6
2026-01-08,6.39,6.42,6.44,6.38,260496.79
2026-01-09,6.43,6.45,6.45,6.41,313397.9
2026-01-12,6.45,6.5,6.51,6.44,406574.32
2026-01-13,6.52,6.49,6.55,6.47,469839.37
2026-01-14,6.49,6.43,6.54,6.41,532953.13
2026-01-15,6.41,6.37,6.46,6.36,373465.72
2026-01-16,6.38,6.28,6.39,6.26,485453.5
2026-01-19,6.27,6.3,6.32,6.26,300105.78
2026-01-20,6.3,6.33,6.34,6.29,343428.69
2026-01-21,6.31,6.28,6.33,6.27,367838.0
2026-01-22,6.29,6.29,6.33,6.28,322645.22
2026-01-23,6.29,6.32,6.4,6.29,550553.97
2026-01-26,6.35,6.51,6.54,6.33,1177929.4
2026-01-27,6.51,6.37,6.52,6.35,707987.75
2026-01-28,6.36,6.33,6.4,6.31,563337.29
2026-01-29,6.31,6.34,6.35,6.28,452989.89
2026-01-30,6.32,6.28,6.35,6.25,409046.79
2026-02-02,6.28,6.24,6.3,6.23,346418.57
2026-02-03,6.26,6.25,6.27,6.23,228854.77
2026-02-04,6.25,6.31,6.31,6.23,258094.67
2026-02-05,6.29,6.3,6.32,6.27,249631.2
2026-02-06,6.29,6.29,6.33,6.28,232807.85
2026-02-09,6.32,6.31,6.32,6.3,171960.4
2026-02-10,6.32,6.34,6.35,6.31,198636.52
2026-02-11,6.34,6.32,6.34,6.32,137412.13
2026-02-12,6.32,6.28,6.33,6.26,220556.26
